-- Liqueo CRM Database Seed Script
-- Run this in your Neon DB SQL Editor after creating the tables

-- Clear existing data (optional - only run if you want to reset)
-- DELETE FROM activities;
-- DELETE FROM deals;
-- DELETE FROM contacts;
-- DELETE FROM companies;

-- Insert companies - Major Asset Managers, Wealth Managers, and FinTech vendors
INSERT INTO companies (id, name, industry, website, phone, email, address, city, state, zip_code, country, employee_count, revenue, description, created_at, updated_at) VALUES
('550e8400-e29b-41d4-a716-446655440001', 'BlackRock', 'Asset Management', 'https://www.blackrock.com', '+1 212-810-5300', 'contact@blackrock.com', '50 Hudson Yards', 'New York', 'NY', '10001', 'United States', 19800, 17800000000, 'World''s largest asset manager with $10+ trillion AUM. Key products include iShares ETFs and Aladdin risk management platform.', NOW(), NOW()),
('550e8400-e29b-41d4-a716-446655440002', 'Vanguard Group', 'Asset Management', 'https://www.vanguard.com', '+1 610-669-1000', 'institutional@vanguard.com', '100 Vanguard Boulevard', 'Malvern', 'PA', '19355', 'United States', 18600, 7500000000, 'Second largest asset manager globally. Pioneer in index investing and low-cost mutual funds.', NOW(), NOW()),
('550e8400-e29b-41d4-a716-446655440003', 'UBS Asset Management', 'Wealth Management', 'https://www.ubs.com', '+41 44 234 1111', 'am-contact@ubs.com', 'Bahnhofstrasse 45', 'Zurich', 'ZH', '8001', 'Switzerland', 72000, 34500000000, 'Global wealth manager and investment bank. Leading position in ultra-high-net-worth client segment.', NOW(), NOW()),
('550e8400-e29b-41d4-a716-446655440004', 'State Street Global Advisors', 'Asset Management', 'https://www.ssga.com', '+1 617-786-3000', 'institutional@ssga.com', 'One Lincoln Street', 'Boston', 'MA', '02111', 'United States', 39000, 12100000000, 'Third largest asset manager. Inventor of the first US ETF (SPY). Strong custody and administration services.', NOW(), NOW()),
('550e8400-e29b-41d4-a716-446655440005', 'Northern Trust Asset Management', 'Asset Management', 'https://www.northerntrust.com', '+1 312-630-6000', 'assetmanagement@ntrs.com', '50 South La Salle Street', 'Chicago', 'IL', '60603', 'United States', 23000, 6500000000, 'Leading provider of asset management, custody, and wealth management services to institutional and affluent investors.', NOW(), NOW()),
('550e8400-e29b-41d4-a716-446655440006', 'Charles River Development', 'FinTech - Investment Management', 'https://www.crd.com', '+1 781-622-1000', 'info@crd.com', '380 Stuart Street', 'Boston', 'MA', '02116', 'United States', 1200, 450000000, 'Leading provider of investment management solutions. Charles River IMS is used by major asset managers for front-to-back operations.', NOW(), NOW()),
('550e8400-e29b-41d4-a716-446655440007', 'SimCorp', 'FinTech - Investment Management', 'https://www.simcorp.com', '+45 35 44 88 00', 'info@simcorp.com', 'Weidekampsgade 16', 'Copenhagen', NULL, '2300', 'Denmark', 2200, 580000000, 'Provider of SimCorp Dimension, an integrated investment management platform for buy-side institutions globally.', NOW(), NOW()),
('550e8400-e29b-41d4-a716-446655440008', 'Temenos', 'FinTech - Banking', 'https://www.temenos.com', '+41 22 708 11 50', 'info@temenos.com', '2 Rue de l''Ecole-de-Chimie', 'Geneva', NULL, '1205', 'Switzerland', 7500, 980000000, 'Global leader in banking software. Temenos Transact and Wealth platforms power many private banks and wealth managers.', NOW(), NOW()),
('550e8400-e29b-41d4-a716-446655440009', 'SS&C Technologies', 'FinTech - Financial Services', 'https://www.ssctech.com', '+1 860-298-4500', 'info@sscinc.com', '80 Lamberton Road', 'Windsor', 'CT', '06095', 'United States', 27000, 5600000000, 'Provider of financial services software including Advent Geneva, Eze, and fund administration services.', NOW(), NOW()),
('550e8400-e29b-41d4-a716-446655440010', 'Broadridge Financial', 'FinTech - Financial Services', 'https://www.broadridge.com', '+1 516-472-5400', 'info@broadridge.com', '5 Dakota Drive', 'Lake Success', 'NY', '11042', 'United States', 14000, 5900000000, 'Global fintech leader providing investor communications, technology-driven solutions for broker-dealers and asset managers.', NOW(), NOW());

-- Insert contacts
INSERT INTO contacts (id, first_name, last_name, email, phone, job_title, company_id, address, city, state, zip_code, country, notes, created_at, updated_at) VALUES
('660e8400-e29b-41d4-a716-446655440001', 'Robert', 'Kapito', 'r.kapito@blackrock.com', '+1 212-810-5301', 'President', '550e8400-e29b-41d4-a716-446655440001', NULL, 'New York', 'NY', NULL, 'United States', 'Co-founder of BlackRock. Key decision maker for strategic technology investments.', NOW(), NOW()),
('660e8400-e29b-41d4-a716-446655440002', 'Sarah', 'Chen', 's.chen@blackrock.com', '+1 212-810-5402', 'Head of Technology Strategy', '550e8400-e29b-41d4-a716-446655440001', NULL, 'New York', 'NY', NULL, 'United States', 'Leads Aladdin platform strategy. Previously at Goldman Sachs.', NOW(), NOW()),
('660e8400-e29b-41d4-a716-446655440003', 'Tim', 'Buckley', 't.buckley@vanguard.com', '+1 610-669-1001', 'Chief Executive Officer', '550e8400-e29b-41d4-a716-446655440002', NULL, 'Malvern', 'PA', NULL, 'United States', 'CEO since 2018. Strong advocate for low-cost investing and technology modernization.', NOW(), NOW()),
('660e8400-e29b-41d4-a716-446655440004', 'Michelle', 'Santos', 'm.santos@vanguard.com', '+1 610-669-1102', 'CTO', '550e8400-e29b-41d4-a716-446655440002', NULL, 'Malvern', 'PA', NULL, 'United States', 'Overseeing digital transformation initiative. Budget authority for technology vendors.', NOW(), NOW()),
('660e8400-e29b-41d4-a716-446655440005', 'Ralph', 'Hamers', 'r.hamers@ubs.com', '+41 44 234 1112', 'Group CEO', '550e8400-e29b-41d4-a716-446655440003', NULL, 'Zurich', 'ZH', NULL, 'Switzerland', 'Former ING CEO. Driving digital-first strategy across UBS.', NOW(), NOW()),
('660e8400-e29b-41d4-a716-446655440006', 'Anna', 'Weber', 'a.weber@ubs.com', '+41 44 234 1215', 'Head of Wealth Management Technology', '550e8400-e29b-41d4-a716-446655440003', NULL, 'Zurich', 'ZH', NULL, 'Switzerland', 'Key contact for wealth management platform decisions. Reports directly to Wealth Management CEO.', NOW(), NOW()),
('660e8400-e29b-41d4-a716-446655440007', 'Cyrus', 'Taraporevala', 'c.taraporevala@ssga.com', '+1 617-786-3001', 'President & CEO', '550e8400-e29b-41d4-a716-446655440004', NULL, 'Boston', 'MA', NULL, 'United States', 'Leading State Street''s asset management business. Focus on ESG and index strategies.', NOW(), NOW()),
('660e8400-e29b-41d4-a716-446655440008', 'David', 'Perlman', 'd.perlman@ntrs.com', '+1 312-630-6001', 'President, Asset Management', '550e8400-e29b-41d4-a716-446655440005', NULL, 'Chicago', 'IL', NULL, 'United States', 'Oversees $1.2T in AUM. Interested in operational efficiency solutions.', NOW(), NOW()),
('660e8400-e29b-41d4-a716-446655440009', 'Michael', 'Greenwald', 'm.greenwald@crd.com', '+1 781-622-1001', 'EVP, Sales', '550e8400-e29b-41d4-a716-446655440006', NULL, 'Boston', 'MA', NULL, 'United States', 'Partnership contact for Charles River. Strong relationships across buy-side.', NOW(), NOW()),
('660e8400-e29b-41d4-a716-446655440010', 'Christian', 'Kromann', 'c.kromann@simcorp.com', '+45 35 44 88 01', 'CEO', '550e8400-e29b-41d4-a716-446655440007', NULL, 'Copenhagen', NULL, NULL, 'Denmark', 'Leading SimCorp''s cloud transformation. Open to strategic partnerships.', NOW(), NOW()),
('660e8400-e29b-41d4-a716-446655440011', 'Andreas', 'Mueller', 'a.mueller@temenos.com', '+41 22 708 11 51', 'Managing Director, Wealth', '550e8400-e29b-41d4-a716-446655440008', NULL, 'Geneva', NULL, NULL, 'Switzerland', 'Leads wealth management solutions. Key contact for Swiss private banks.', NOW(), NOW()),
('660e8400-e29b-41d4-a716-446655440012', 'Bill', 'Stone', 'b.stone@sscinc.com', '+1 860-298-4501', 'Chairman & CEO', '550e8400-e29b-41d4-a716-446655440009', NULL, 'Windsor', 'CT', NULL, 'United States', 'Founder and CEO. Active in M&A - acquired Advent, Eze, and Blue Prism.', NOW(), NOW());

-- Insert deals
INSERT INTO deals (id, title, value, stage, probability, expected_close_date, actual_close_date, company_id, contact_id, description, created_at, updated_at) VALUES
('770e8400-e29b-41d4-a716-446655440001', 'BlackRock - Portfolio Analytics Platform', 2500000, 'proposal', 60, NOW() + INTERVAL '60 days', NULL, '550e8400-e29b-41d4-a716-446655440001', '660e8400-e29b-41d4-a716-446655440002', 'Implementation of advanced portfolio analytics and risk management capabilities to complement Aladdin.', NOW(), NOW()),
('770e8400-e29b-41d4-a716-446655440002', 'Vanguard - Operations Transformation', 4200000, 'negotiation', 75, NOW() + INTERVAL '30 days', NULL, '550e8400-e29b-41d4-a716-446655440002', '660e8400-e29b-41d4-a716-446655440004', 'Multi-year engagement to modernize back-office operations and implement straight-through processing.', NOW(), NOW()),
('770e8400-e29b-41d4-a716-446655440003', 'UBS - Wealth Platform Integration', 3800000, 'qualification', 40, NOW() + INTERVAL '90 days', NULL, '550e8400-e29b-41d4-a716-446655440003', '660e8400-e29b-41d4-a716-446655440006', 'Integration services for new wealth management platform across European operations.', NOW(), NOW()),
('770e8400-e29b-41d4-a716-446655440004', 'State Street - Data Management Solution', 1800000, 'proposal', 55, NOW() + INTERVAL '45 days', NULL, '550e8400-e29b-41d4-a716-446655440004', '660e8400-e29b-41d4-a716-446655440007', 'Enterprise data management and analytics solution for investment operations.', NOW(), NOW()),
('770e8400-e29b-41d4-a716-446655440005', 'Northern Trust - Cloud Migration', 2200000, 'prospecting', 25, NOW() + INTERVAL '120 days', NULL, '550e8400-e29b-41d4-a716-446655440005', '660e8400-e29b-41d4-a716-446655440008', 'Cloud infrastructure assessment and migration strategy for asset management systems.', NOW(), NOW()),
('770e8400-e29b-41d4-a716-446655440006', 'Charles River - API Integration Services', 950000, 'closed-won', 100, NOW() - INTERVAL '15 days', NOW() - INTERVAL '10 days', '550e8400-e29b-41d4-a716-446655440006', '660e8400-e29b-41d4-a716-446655440009', 'API development and integration services for Charles River IMS connectivity.', NOW(), NOW()),
('770e8400-e29b-41d4-a716-446655440007', 'SimCorp - Dimension Upgrade Consulting', 1200000, 'negotiation', 70, NOW() + INTERVAL '25 days', NULL, '550e8400-e29b-41d4-a716-446655440007', '660e8400-e29b-41d4-a716-446655440010', 'Consulting engagement for SimCorp Dimension upgrade and cloud migration.', NOW(), NOW()),
('770e8400-e29b-41d4-a716-446655440008', 'Temenos - Private Bank Implementation', 3200000, 'qualification', 35, NOW() + INTERVAL '75 days', NULL, '550e8400-e29b-41d4-a716-446655440008', '660e8400-e29b-41d4-a716-446655440011', 'Temenos Wealth implementation for a consortium of Swiss private banks.', NOW(), NOW()),
('770e8400-e29b-41d4-a716-446655440009', 'SS&C - Advent Geneva Migration', 1600000, 'closed-won', 100, NOW() - INTERVAL '30 days', NOW() - INTERVAL '25 days', '550e8400-e29b-41d4-a716-446655440009', '660e8400-e29b-41d4-a716-446655440012', 'Migration services from legacy systems to Advent Geneva portfolio management.', NOW(), NOW()),
('770e8400-e29b-41d4-a716-446655440010', 'Broadridge - Regulatory Reporting', 890000, 'prospecting', 20, NOW() + INTERVAL '100 days', NULL, '550e8400-e29b-41d4-a716-446655440010', NULL, 'Regulatory reporting automation and compliance solution implementation.', NOW(), NOW());

-- Insert activities
INSERT INTO activities (id, type, subject, description, contact_id, company_id, deal_id, due_date, completed_at, created_at, updated_at) VALUES
('880e8400-e29b-41d4-a716-446655440001', 'meeting', 'Initial Discovery Meeting - Portfolio Analytics', 'Discussed BlackRock''s requirements for enhanced portfolio analytics. Sarah expressed interest in real-time risk monitoring capabilities.', '660e8400-e29b-41d4-a716-446655440002', '550e8400-e29b-41d4-a716-446655440001', '770e8400-e29b-41d4-a716-446655440001', NULL, NOW() - INTERVAL '7 days', NOW(), NOW()),
('880e8400-e29b-41d4-a716-446655440002', 'call', 'Follow-up Call - Proposal Review', 'Reviewed initial proposal with Sarah. Requested additional pricing options and timeline scenarios.', '660e8400-e29b-41d4-a716-446655440002', '550e8400-e29b-41d4-a716-446655440001', '770e8400-e29b-41d4-a716-446655440001', NULL, NOW() - INTERVAL '3 days', NOW(), NOW()),
('880e8400-e29b-41d4-a716-446655440003', 'email', 'Vanguard - Contract Negotiation Update', 'Sent revised contract terms addressing Michelle''s feedback on SLA requirements and implementation timeline.', '660e8400-e29b-41d4-a716-446655440004', '550e8400-e29b-41d4-a716-446655440002', '770e8400-e29b-41d4-a716-446655440002', NULL, NOW() - INTERVAL '2 days', NOW(), NOW()),
('880e8400-e29b-41d4-a716-446655440004', 'meeting', 'UBS Executive Presentation', 'Presented solution overview to UBS wealth management technology leadership. Positive reception, follow-up meeting scheduled.', '660e8400-e29b-41d4-a716-446655440006', '550e8400-e29b-41d4-a716-446655440003', '770e8400-e29b-41d4-a716-446655440003', NULL, NOW() - INTERVAL '5 days', NOW(), NOW()),
('880e8400-e29b-41d4-a716-446655440005', 'task', 'Prepare State Street Proposal', 'Create detailed proposal for data management solution including technical architecture and pricing.', '660e8400-e29b-41d4-a716-446655440007', '550e8400-e29b-41d4-a716-446655440004', '770e8400-e29b-41d4-a716-446655440004', NOW() + INTERVAL '5 days', NULL, NOW(), NOW()),
('880e8400-e29b-41d4-a716-446655440006', 'call', 'Northern Trust Introduction Call', 'Initial call with David to discuss cloud migration needs and current infrastructure challenges.', '660e8400-e29b-41d4-a716-446655440008', '550e8400-e29b-41d4-a716-446655440005', '770e8400-e29b-41d4-a716-446655440005', NULL, NOW() - INTERVAL '10 days', NOW(), NOW()),
('880e8400-e29b-41d4-a716-446655440007', 'note', 'Charles River Deal Closed', 'Successfully closed API integration deal. Implementation to begin next month. Michael expressed interest in Phase 2 expansion.', '660e8400-e29b-41d4-a716-446655440009', '550e8400-e29b-41d4-a716-446655440006', '770e8400-e29b-41d4-a716-446655440006', NULL, NOW() - INTERVAL '10 days', NOW(), NOW()),
('880e8400-e29b-41d4-a716-446655440008', 'meeting', 'SimCorp Technical Workshop', 'Two-day technical workshop with SimCorp team to finalize Dimension upgrade approach and cloud architecture.', '660e8400-e29b-41d4-a716-446655440010', '550e8400-e29b-41d4-a716-446655440007', '770e8400-e29b-41d4-a716-446655440007', NULL, NOW() - INTERVAL '4 days', NOW(), NOW()),
('880e8400-e29b-41d4-a716-446655440009', 'task', 'Schedule Temenos Demo', 'Coordinate with Temenos team to schedule Wealth platform demo for private bank consortium.', '660e8400-e29b-41d4-a716-446655440011', '550e8400-e29b-41d4-a716-446655440008', '770e8400-e29b-41d4-a716-446655440008', NOW() + INTERVAL '7 days', NULL, NOW(), NOW()),
('880e8400-e29b-41d4-a716-446655440010', 'email', 'SS&C Project Completion', 'Sent project completion report and case study draft for approval. Bill interested in future collaboration.', '660e8400-e29b-41d4-a716-446655440012', '550e8400-e29b-41d4-a716-446655440009', '770e8400-e29b-41d4-a716-446655440009', NULL, NOW() - INTERVAL '20 days', NOW(), NOW()),
('880e8400-e29b-41d4-a716-446655440011', 'task', 'Research Broadridge Stakeholders', 'Identify key decision makers at Broadridge for regulatory reporting initiative.', NULL, '550e8400-e29b-41d4-a716-446655440010', '770e8400-e29b-41d4-a716-446655440010', NOW() + INTERVAL '3 days', NULL, NOW(), NOW()),
('880e8400-e29b-41d4-a716-446655440012', 'call', 'Weekly Pipeline Review', 'Internal call to review active deals and prioritize next week''s activities.', NULL, NULL, NULL, NULL, NOW() - INTERVAL '1 day', NOW(), NOW());

-- Success message
SELECT 'Database seeded successfully! 🎉' as status;
